	NOUN	VERB	ADJ	ADV
wm_pos_macro	0.528697944239498	0.34427500343835005	0.522644337335059	1.0
wm_pos_micro	0.723076923076923	0.5076335877862596	0.7191011235955056	1.0
pos_match	564.0	266.0	192.0	9.0
pos_not_match	216.0	258.0	75.0	0.0
mfs_pos_macro	0.5663043057472712	0.3919129976989072	0.5963953179036978	1.0
mfs_pos_micro	0.75	0.549618320610687	0.7565543071161048	1.0
mfs_pos_match	585.0	288.0	202.0	9.0
mfs_pos_not_match	195.0	236.0	65.0	0.0
