	NOUN	ADJ	VERB	ADV
wm_pos_macro	0.49058176513881685	0.5490588898281206	0.3383874373185537	0.7262536873156342
wm_pos_micro	0.7211538461538461	0.7304075235109717	0.4845814977973569	0.8670886075949367
pos_match	600.0	233.0	220.0	137.0
pos_not_match	232.0	86.0	234.0	21.0
mfs_pos_macro	0.5122674972766884	0.5819426949861732	0.3291997791997792	0.7381381381381382
mfs_pos_micro	0.7067307692307693	0.7460815047021945	0.46255506607929514	0.8734177215189873
mfs_pos_match	588.0	238.0	210.0	138.0
mfs_pos_not_match	244.0	81.0	244.0	20.0
