	senseval2	senseval3	semeval2007	semeval2013	semeval2015
wm_macro	0.4742937946035229	0.45615937035712917	0.4055501319738222	0.5024951448488086	0.4307926737552406
wm_micro	0.6710153148043109	0.6525316455696203	0.5826972010178118	0.667953667953668	0.6391478029294274
wm_match	1183.0	1031.0	229.0	865.0	480.0
wm_not_match	580.0	549.0	164.0	430.0	271.0
mfs_macro	0.4844673136408266	0.5060827935603457	0.4492313915857605	0.5375954566113832	0.4604209083661138
mfs_micro	0.660805445263755	0.6860759493670886	0.6106870229007634	0.6749034749034749	0.6524633821571239
mfs_match	1165.0	1084.0	240.0	874.0	490.0
mfs_not_match	598.0	496.0	153.0	421.0	261.0
