	NOUN	VERB	ADJ	ADV
wm_pos_macro	0.5568377289177748	0.39472097586321725	0.5484929078014185	1.0
wm_pos_micro	0.7567567567567567	0.5629770992366412	0.7330827067669174	1.0
pos_match	588.0	295.0	195.0	9.0
pos_not_match	189.0	229.0	71.0	0.0
mfs_pos_macro	0.5654588950372269	0.38565720894520417	0.5700811093668237	1.0
mfs_pos_micro	0.7516087516087516	0.5458015267175572	0.7368421052631579	1.0
mfs_pos_match	584.0	286.0	196.0	9.0
mfs_pos_not_match	193.0	238.0	70.0	0.0
