	NOUN	ADJ	VERB	ADV
wm_pos_macro	0.48394992654330515	0.47491039426523296	0.33731656184486375	0.6521739130434783
wm_pos_micro	0.6397984886649875	0.6779661016949152	0.5369458128078818	0.8484848484848486
pos_match	254.0	80.0	109.0	28.0
pos_not_match	143.0	38.0	94.0	5.0
mfs_pos_macro	0.5202886814701161	0.4963369963369963	0.3576923076923077	0.6521739130434783
mfs_pos_micro	0.6851385390428212	0.6949152542372882	0.5566502463054187	0.8484848484848486
mfs_pos_match	272.0	82.0	113.0	28.0
mfs_pos_not_match	125.0	36.0	90.0	5.0
