	NOUN	ADJ	VERB	ADV
wm_pos_macro	0.485977652716835	0.5928966458378223	0.33206650931824144	0.6931034482758621
wm_pos_micro	0.7259615384615384	0.74294670846395	0.45594713656387664	0.8544303797468354
pos_match	604.0	237.0	207.0	135.0
pos_not_match	228.0	82.0	247.0	23.0
mfs_pos_macro	0.5059925284083204	0.563404304029304	0.3390700745898766	0.7381381381381382
mfs_pos_micro	0.6959134615384616	0.7366771159874608	0.46916299559471364	0.8734177215189873
mfs_pos_match	579.0	235.0	213.0	138.0
mfs_pos_not_match	253.0	84.0	241.0	20.0
