	senseval2	senseval3	semeval2007	semeval2013	semeval2015
wm_macro	0.4799179696226331	0.49721856282982196	0.4550665763935906	0.5294282848113077	0.42350055279159754
wm_micro	0.681792399319342	0.6897208121827412	0.6361323155216285	0.677992277992278	0.6338215712383488
wm_match	1202.0	1087.0	250.0	878.0	476.0
wm_not_match	561.0	489.0	143.0	417.0	275.0
mfs_macro	0.4868405627433699	0.49517620264302187	0.4465294592413237	0.5437871161682075	0.4632844787746749
mfs_micro	0.6659103800340329	0.6802030456852792	0.6081424936386769	0.6803088803088803	0.6537949400798935
mfs_match	1174.0	1072.0	239.0	881.0	491.0
mfs_not_match	589.0	504.0	154.0	414.0	260.0
