	NOUN	ADJ	VERB	ADV
wm_pos_macro	0.5072226740158429	0.5674020153389996	0.33732052884797514	0.7297619047619046
wm_pos_micro	0.7475961538461539	0.7398119122257053	0.47356828193832606	0.8734177215189873
pos_match	622.0	236.0	215.0	138.0
pos_not_match	210.0	83.0	239.0	20.0
mfs_pos_macro	0.5028745314550942	0.5757145741397709	0.3390700745898766	0.7381381381381382
mfs_pos_micro	0.6959134615384616	0.74294670846395	0.46916299559471364	0.8734177215189873
mfs_pos_match	579.0	237.0	213.0	138.0
mfs_pos_not_match	253.0	82.0	241.0	20.0
