	NOUN	VERB	ADJ	ADV
wm_pos_macro	0.5556951107825809	0.4039364832305608	0.5682795698924731	1.0
wm_pos_micro	0.7512820512820513	0.5782442748091603	0.7453183520599251	1.0
pos_match	586.0	303.0	199.0	9.0
pos_not_match	194.0	221.0	68.0	0.0
mfs_pos_macro	0.5572154993309426	0.3856572089452042	0.5700811093668237	1.0
mfs_pos_micro	0.7474358974358973	0.5458015267175572	0.7340823970037453	1.0
mfs_pos_match	583.0	286.0	196.0	9.0
mfs_pos_not_match	197.0	238.0	71.0	0.0
