	NOUN	ADJ	VERB	ADV
wm_pos_macro	0.5179952017311602	0.5695353013000071	0.3331185440674492	0.7073746312684366
wm_pos_micro	0.7235576923076923	0.7398119122257053	0.4669603524229075	0.8670886075949367
pos_match	602.0	236.0	212.0	137.0
pos_not_match	230.0	83.0	242.0	21.0
mfs_pos_macro	0.5091234900058429	0.5757145741397709	0.3423928291173949	0.753939393939394
mfs_pos_micro	0.7019230769230769	0.74294670846395	0.4713656387665198	0.8860759493670886
mfs_pos_match	584.0	237.0	214.0	140.0
mfs_pos_not_match	248.0	82.0	240.0	18.0
