	senseval2	senseval3	semeval2007	semeval2013	semeval2015
wm_macro	0.4852608372982873	0.48940458322317226	0.4591298389859541	0.539664759651567	0.44516172424998024
wm_micro	0.6732841747022121	0.6841772151898734	0.628498727735369	0.6833976833976834	0.6271637816245007
wm_match	1187.0	1081.0	247.0	885.0	471.0
wm_not_match	576.0	499.0	146.0	410.0	280.0
mfs_macro	0.490414698711503	0.49859112660404403	0.452757502027575	0.5479426669519712	0.47194296681476167
mfs_micro	0.6664775950085082	0.6810126582278481	0.6132315521628499	0.6818532818532819	0.6591211717709721
mfs_match	1175.0	1076.0	241.0	883.0	495.0
mfs_not_match	588.0	504.0	152.0	412.0	256.0
