	VERB	NOUN
wm_pos_macro	0.41005095765243366	0.49782135076252715
wm_pos_micro	0.5863453815261044	0.6944444444444444
pos_match	146.0	100.0
pos_not_match	103.0	44.0
mfs_pos_macro	0.40183080808080807	0.5133333333333333
mfs_pos_micro	0.5502008032128514	0.7013888888888888
mfs_pos_match	137.0	101.0
mfs_pos_not_match	112.0	43.0
