	NOUN	ADJ	VERB	ADV
wm_pos_macro	0.4969378319227425	0.5670157715595145	0.3374382927014506	0.738138138138138
wm_pos_micro	0.7367788461538461	0.7366771159874608	0.47356828193832606	0.879746835443038
pos_match	613.0	235.0	215.0	139.0
pos_not_match	219.0	84.0	239.0	19.0
mfs_pos_macro	0.5122674972766884	0.5819426949861732	0.3291997791997792	0.7381381381381382
mfs_pos_micro	0.7067307692307693	0.7460815047021945	0.46255506607929514	0.8734177215189873
mfs_pos_match	588.0	238.0	210.0	138.0
mfs_pos_not_match	244.0	81.0	244.0	20.0
