	NOUN	ADJ	VERB	ADV
wm_pos_macro	0.4826859379704908	0.4508771929824561	0.3366255144032922	0.6521739130434783
wm_pos_micro	0.6272040302267002	0.6694915254237288	0.5467980295566502	0.8484848484848486
pos_match	249.0	79.0	111.0	28.0
pos_not_match	148.0	39.0	92.0	5.0
mfs_pos_macro	0.5202886814701161	0.4963369963369963	0.3576923076923077	0.6521739130434783
mfs_pos_micro	0.6851385390428212	0.6949152542372882	0.5566502463054187	0.8484848484848486
mfs_pos_match	272.0	82.0	113.0	28.0
mfs_pos_not_match	125.0	36.0	90.0	5.0
