	VERB	NOUN
wm_pos_macro	0.42073560767590623	0.5380313199105144
wm_pos_micro	0.5943775100401606	0.7222222222222222
pos_match	148.0	104.0
pos_not_match	101.0	40.0
mfs_pos_macro	0.4030934343434343	0.5133333333333333
mfs_pos_micro	0.5502008032128514	0.7013888888888888
mfs_pos_match	137.0	101.0
mfs_pos_not_match	112.0	43.0
