	NOUN	VERB	ADJ	ADV
wm_pos_macro	0.544162024377744	0.39159779876957435	0.5543010752688172	1.0
wm_pos_micro	0.7474358974358973	0.5572519083969466	0.7378277153558053	1.0
pos_match	583.0	292.0	197.0	9.0
pos_not_match	197.0	232.0	70.0	0.0
mfs_pos_macro	0.5602333588257701	0.3866202908071624	0.5787555906340437	1.0
mfs_pos_micro	0.75	0.5438931297709924	0.7378277153558053	1.0
mfs_pos_match	585.0	285.0	197.0	9.0
mfs_pos_not_match	195.0	239.0	70.0	0.0
