	NOUN	ADJ	VERB	ADV
wm_pos_macro	0.4689260369932639	0.48499743983614946	0.31264399092970524	0.6811594202898551
wm_pos_micro	0.6599496221662469	0.711864406779661	0.5172413793103449	0.8787878787878788
pos_match	262.0	84.0	105.0	29.0
pos_not_match	135.0	34.0	98.0	4.0
mfs_pos_macro	0.5075666004536298	0.4963369963369963	0.34050632911392403	0.6521739130434783
mfs_pos_micro	0.6801007556675063	0.6949152542372882	0.541871921182266	0.8484848484848486
mfs_pos_match	270.0	82.0	110.0	28.0
mfs_pos_not_match	127.0	36.0	93.0	5.0
