	NOUN	ADJ	VERB	ADV
wm_pos_macro	0.49536811210525633	0.5783392460557815	0.35267562470532765	0.7073746312684366
wm_pos_micro	0.7043269230769231	0.7460815047021945	0.48237885462555063	0.8670886075949367
pos_match	586.0	238.0	219.0	137.0
pos_not_match	246.0	81.0	235.0	21.0
mfs_pos_macro	0.5091234900058429	0.5757145741397709	0.3423928291173949	0.753939393939394
mfs_pos_micro	0.7019230769230769	0.74294670846395	0.4713656387665198	0.8860759493670886
mfs_pos_match	584.0	237.0	214.0	140.0
mfs_pos_not_match	248.0	82.0	240.0	18.0
