	VERB	NOUN
wm_pos_macro	0.4007849293563579	0.5177777777777777
wm_pos_micro	0.5742971887550201	0.7013888888888888
pos_match	143.0	101.0
pos_not_match	106.0	43.0
mfs_pos_macro	0.4030934343434343	0.5234899328859061
mfs_pos_micro	0.5502008032128514	0.7083333333333334
mfs_pos_match	137.0	102.0
mfs_pos_not_match	112.0	42.0
