	ADJ	VERB	NOUN	ADV
wm_pos_macro	0.9111111111111111	0.75	0.9270833333333334	0.6
wm_pos_micro	0.9333333333333333	0.8636363636363636	0.9491525423728814	0.75
pos_match	14.0	19.0	56.0	3.0
pos_not_match	1.0	3.0	3.0	1.0
mfs_pos_macro	0.7083333333333333	0.4523809523809524	0.6545454545454545	1.0
mfs_pos_micro	0.8000000000000002	0.5909090909090909	0.7966101694915254	1.0
mfs_pos_match	12.0	13.0	47.0	4.0
mfs_pos_not_match	3.0	9.0	12.0	0.0
