	VERB	NOUN
wm_pos_macro	0.41805629314922993	0.5337837837837838
wm_pos_micro	0.5783132530120482	0.7152777777777778
pos_match	144.0	103.0
pos_not_match	105.0	41.0
mfs_pos_macro	0.41253180661577604	0.5234899328859061
mfs_pos_micro	0.5582329317269076	0.7083333333333334
mfs_pos_match	139.0	102.0
mfs_pos_not_match	110.0	42.0
