	NOUN	ADJ	VERB	ADV
wm_pos_macro	0.5078705627534494	0.5548281205973513	0.34046713147574414	0.7169590643274854
wm_pos_micro	0.7295673076923077	0.7335423197492165	0.48237885462555063	0.8607594936708861
pos_match	607.0	234.0	219.0	136.0
pos_not_match	225.0	85.0	235.0	22.0
mfs_pos_macro	0.5122674972766884	0.5695353013000071	0.3291997791997792	0.753939393939394
mfs_pos_micro	0.7019230769230769	0.7398119122257053	0.46255506607929514	0.8860759493670886
mfs_pos_match	584.0	236.0	210.0	140.0
mfs_pos_not_match	248.0	83.0	244.0	18.0
