	VERB	NOUN
wm_pos_macro	0.36507377598926893	0.4797132616487455
wm_pos_micro	0.5261044176706827	0.6805555555555556
pos_match	131.0	98.0
pos_not_match	118.0	46.0
mfs_pos_macro	0.4071609632446134	0.5234899328859061
mfs_pos_micro	0.5542168674698795	0.7083333333333334
mfs_pos_match	138.0	102.0
mfs_pos_not_match	111.0	42.0
