	senseval2	senseval3	semeval2007	semeval2013	semeval2015
wm_macro	0.47336904657292567	0.5009540626933718	0.44227175503771254	0.5374130843456978	0.43173447512398816
wm_micro	0.6749858196256381	0.6943037974683545	0.6208651399491094	0.6803088803088803	0.6391478029294274
wm_match	1190.0	1097.0	244.0	881.0	480.0
wm_not_match	573.0	483.0	149.0	414.0	271.0
mfs_macro	0.4868405627433699	0.4956147984704389	0.4465294592413237	0.5437871161682075	0.4632844787746749
mfs_micro	0.6659103800340329	0.6797468354430379	0.6081424936386769	0.6803088803088803	0.6537949400798935
mfs_match	1174.0	1074.0	239.0	881.0	491.0
mfs_not_match	589.0	506.0	154.0	414.0	260.0
