	senseval2	senseval3	semeval2007	semeval2013	semeval2015
wm_macro	0.48141828696872946	0.4968641775875295	0.4417228212039533	0.536062243771343	0.4286670431801518
wm_micro	0.6783891094724901	0.6924050632911393	0.6259541984732825	0.6864864864864865	0.6364846870838882
wm_match	1196.0	1094.0	246.0	889.0	478.0
wm_not_match	567.0	486.0	147.0	406.0	273.0
mfs_macro	0.48565299040891036	0.5051409129965442	0.44223027375201285	0.5396538173297384	0.45472725960055393
mfs_micro	0.6636415201361316	0.6835443037974683	0.6055979643765903	0.6772200772200773	0.6498002663115846
mfs_match	1170.0	1080.0	238.0	877.0	488.0
mfs_not_match	593.0	500.0	155.0	418.0	263.0
