	VERB	NOUN
wm_pos_macro	0.41496848739495795	0.5277777777777777
wm_pos_micro	0.5903614457831325	0.7152777777777778
pos_match	147.0	103.0
pos_not_match	102.0	41.0
mfs_pos_macro	0.4030934343434343	0.5234899328859061
mfs_pos_micro	0.5502008032128514	0.7083333333333334
mfs_pos_match	137.0	102.0
mfs_pos_not_match	112.0	42.0
