	senseval2	senseval3	semeval2007	semeval2013	semeval2015
wm_macro	0.48330179080930336	0.49470546594170894	0.4626470252369533	0.5369284643315804	0.42270764234383634
wm_micro	0.68689733408962	0.6897208121827412	0.6412213740458015	0.6841698841698842	0.6351531291611185
wm_match	1211.0	1087.0	252.0	886.0	477.0
wm_not_match	552.0	489.0	141.0	409.0	274.0
mfs_macro	0.48565299040891036	0.4990868640274413	0.44303542673107893	0.5396538173297384	0.4632844787746749
mfs_micro	0.6619398752127056	0.6821065989847716	0.6055979643765903	0.677992277992278	0.6537949400798935
mfs_match	1167.0	1075.0	238.0	878.0	491.0
mfs_not_match	596.0	501.0	155.0	417.0	260.0
