	NOUN	ADJ	VERB	ADV
wm_pos_macro	0.4574434640522876	0.5276011520286329	0.2841236646201185	0.7073746312684366
wm_pos_micro	0.6666666666666666	0.7147335423197492	0.4197802197802198	0.8607594936708861
pos_match	556.0	228.0	191.0	136.0
pos_not_match	278.0	91.0	264.0	22.0
mfs_pos_macro	0.4574434640522876	0.5276011520286329	0.2841236646201185	0.7073746312684366
mfs_pos_micro	0.6666666666666666	0.7147335423197492	0.4197802197802198	0.8607594936708861
mfs_pos_match	556.0	228.0	191.0	136.0
mfs_pos_not_match	278.0	91.0	264.0	22.0
