	NOUN	VERB	ADJ	ADV
wm_pos_macro	0.4629648616490722	0.33524035326440044	0.5119299571680525	1.0
wm_pos_micro	0.6683738796414853	0.5076045627376425	0.6666666666666666	1.0
pos_match	522.0	267.0	178.0	9.0
pos_not_match	259.0	259.0	89.0	0.0
mfs_pos_macro	0.4629648616490722	0.33524035326440044	0.5119299571680525	1.0
mfs_pos_micro	0.6683738796414853	0.5076045627376425	0.6666666666666666	1.0
mfs_pos_match	522.0	267.0	178.0	9.0
mfs_pos_not_match	259.0	259.0	89.0	0.0
