	NOUN	ADJ	VERB	ADV
wm_pos_macro	0.43628851596979085	0.4333333333333333	0.2822355289421158	0.5833333333333334
wm_pos_micro	0.6171284634760705	0.652542372881356	0.5023923444976076	0.8181818181818182
pos_match	245.0	77.0	105.0	27.0
pos_not_match	152.0	41.0	104.0	6.0
mfs_pos_macro	0.43628851596979085	0.4333333333333333	0.2822355289421158	0.5833333333333334
mfs_pos_micro	0.6171284634760705	0.652542372881356	0.5023923444976076	0.8181818181818182
mfs_pos_match	245.0	77.0	105.0	27.0
mfs_pos_not_match	152.0	41.0	104.0	6.0
