	senseval2	senseval3	semeval2007	semeval2013	semeval2015
wm_macro	0.44379523475946747	0.4288165105507788	0.38991433021806854	0.4624713986692578	0.400688846776633
wm_micro	0.6291053227633069	0.6165508528111181	0.55470737913486	0.625	0.5997357992073976
wm_match	1111.0	976.0	218.0	810.0	454.0
wm_not_match	655.0	607.0	175.0	486.0	303.0
mfs_macro	0.44379523475946747	0.4288165105507788	0.38991433021806854	0.4624713986692578	0.400688846776633
mfs_micro	0.6291053227633069	0.6165508528111181	0.55470737913486	0.625	0.5997357992073976
mfs_match	1111.0	976.0	218.0	810.0	454.0
mfs_not_match	655.0	607.0	175.0	486.0	303.0
