	VERB	NOUN
wm_pos_macro	0.37191358024691357	0.41875
wm_pos_micro	0.5140562248995983	0.625
pos_match	128.0	90.0
pos_not_match	121.0	54.0
mfs_pos_macro	0.37191358024691357	0.41875
mfs_pos_micro	0.5140562248995983	0.625
mfs_pos_match	128.0	90.0
mfs_pos_not_match	121.0	54.0
