	NOUN	ADJ	VERB	ADV
wm_pos_macro	0.5069969669143223	0.45921985815602834	0.33353909465020576	0.6521739130434783
wm_pos_micro	0.654911838790932	0.6694915254237288	0.5320197044334976	0.8484848484848486
pos_match	260.0	79.0	108.0	28.0
pos_not_match	137.0	39.0	95.0	5.0
mfs_pos_macro	0.5139009139009139	0.4963369963369963	0.3490445859872611	0.6521739130434783
mfs_pos_micro	0.6826196473551638	0.6949152542372882	0.5467980295566502	0.8484848484848486
mfs_pos_match	271.0	82.0	111.0	28.0
mfs_pos_not_match	126.0	36.0	92.0	5.0
