	senseval2	senseval3	semeval2007	semeval2013	semeval2015
wm_macro	0.4796963816047768	0.49430313605990767	0.4364892183288409	0.5377358589123296	0.43843924014702
wm_micro	0.680090754395916	0.6892405063291139	0.6132315521628499	0.6818532818532819	0.652
wm_match	1199.0	1089.0	241.0	883.0	489.0
wm_not_match	564.0	491.0	152.0	412.0	261.0
mfs_macro	0.4832835279042709	0.49691533307780444	0.44303542673107893	0.5334952020604194	0.4536622737794613
mfs_micro	0.6602382302892796	0.6810126582278481	0.6055979643765903	0.6733590733590734	0.6493333333333333
mfs_match	1164.0	1076.0	238.0	872.0	487.0
mfs_not_match	599.0	504.0	155.0	423.0	263.0
