	VERB	NOUN
wm_pos_macro	0.38935064935064934	0.5234899328859061
wm_pos_micro	0.5582329317269076	0.7083333333333334
pos_match	139.0	102.0
pos_not_match	110.0	42.0
mfs_pos_macro	0.4030934343434343	0.5133333333333333
mfs_pos_micro	0.5502008032128514	0.7013888888888888
mfs_pos_match	137.0	101.0
mfs_pos_not_match	112.0	43.0
