	NOUN	ADJ	VERB	ADV
wm_pos_macro	0.5056428925795803	0.5780320333261509	0.33539225035575404	0.7297619047619046
wm_pos_micro	0.7067307692307693	0.7492163009404389	0.46916299559471364	0.8734177215189873
pos_match	588.0	239.0	213.0	138.0
pos_not_match	244.0	80.0	241.0	20.0
mfs_pos_macro	0.5122674972766884	0.5512848908197745	0.33247367028155206	0.753939393939394
mfs_pos_micro	0.703125	0.7304075235109717	0.4647577092511013	0.8860759493670886
mfs_pos_match	585.0	233.0	211.0	140.0
mfs_pos_not_match	247.0	86.0	243.0	18.0
