	senseval2	senseval3	semeval2007	semeval2013	semeval2015
wm_macro	0.4848128817757974	0.4923996678585072	0.44764752791068585	0.5315908934519681	0.45085079845156617
wm_micro	0.6681792399319342	0.6841772151898734	0.6183206106870229	0.6810810810810811	0.6324900133155792
wm_match	1178.0	1081.0	243.0	882.0	475.0
wm_not_match	585.0	499.0	150.0	413.0	276.0
mfs_macro	0.4832835279042709	0.5012041887254112	0.43955823293172697	0.5521206498587241	0.4661593009333677
mfs_micro	0.6630743051616562	0.6835443037974683	0.6030534351145038	0.6833976833976834	0.6551264980026631
mfs_match	1169.0	1080.0	237.0	885.0	492.0
mfs_not_match	594.0	500.0	156.0	410.0	259.0
