	senseval2	senseval3	semeval2007	semeval2013	semeval2015
wm_macro	0.4760769877186699	0.4994340878950702	0.46290726817042605	0.5324092584772117	0.42810456196650226
wm_micro	0.6812251843448667	0.692258883248731	0.6412213740458015	0.6839258114374034	0.6338215712383488
wm_match	1201.0	1091.0	252.0	885.0	476.0
wm_not_match	562.0	485.0	141.0	409.0	275.0
mfs_macro	0.490414698711503	0.5030180358736671	0.4457223567393058	0.5452508769115944	0.4575685237794613
mfs_micro	0.6664775950085082	0.6852791878172588	0.6081424936386769	0.6808346213292118	0.6511318242343542
mfs_match	1175.0	1080.0	239.0	881.0	489.0
mfs_not_match	588.0	496.0	154.0	413.0	262.0
