	NOUN	ADJ	VERB	ADV
wm_pos_macro	0.509966429809508	0.5480175367828315	0.3431746031746032	0.6875362318840578
wm_pos_micro	0.735576923076923	0.7304075235109717	0.4845814977973569	0.8481012658227848
pos_match	612.0	233.0	220.0	134.0
pos_not_match	220.0	86.0	234.0	24.0
mfs_pos_macro	0.5028745314550942	0.563404304029304	0.3357637287266917	0.753939393939394
mfs_pos_micro	0.6935096153846154	0.7366771159874608	0.4669603524229075	0.8860759493670886
mfs_pos_match	577.0	235.0	212.0	140.0
mfs_pos_not_match	255.0	84.0	242.0	18.0
