	NOUN	ADJ	VERB	ADV
wm_pos_macro	0.48465618085618084	0.45087719298245615	0.3003968253968254	0.6521739130434783
wm_pos_micro	0.6624685138539043	0.6694915254237288	0.5221674876847291	0.8484848484848486
pos_match	263.0	79.0	106.0	28.0
pos_not_match	134.0	39.0	97.0	5.0
mfs_pos_macro	0.5012850729517396	0.4800724637681159	0.3490445859872611	0.6521739130434783
mfs_pos_micro	0.6775818639798489	0.6864406779661016	0.5467980295566502	0.8484848484848486
mfs_pos_match	269.0	81.0	111.0	28.0
mfs_pos_not_match	128.0	37.0	92.0	5.0
