	VERB	NOUN
wm_pos_macro	0.3952644526445264	0.54421768707483
wm_pos_micro	0.5582329317269076	0.7222222222222222
pos_match	139.0	104.0
pos_not_match	110.0	40.0
mfs_pos_macro	0.39779874213836475	0.5133333333333333
mfs_pos_micro	0.5461847389558233	0.7013888888888888
mfs_pos_match	136.0	101.0
mfs_pos_not_match	113.0	43.0
