	NOUN	VERB	ADJ	ADV
wm_pos_macro	0.5538894710332148	0.3930727866356269	0.5927655677655678	1.0
wm_pos_micro	0.7541827541827542	0.5610687022900763	0.7593984962406015	1.0
pos_match	586.0	294.0	202.0	9.0
pos_not_match	191.0	230.0	64.0	0.0
mfs_pos_macro	0.5593794430176648	0.3919129976989072	0.5963953179036978	1.0
mfs_pos_micro	0.749034749034749	0.549618320610687	0.7556390977443609	1.0
mfs_pos_match	582.0	288.0	201.0	9.0
mfs_pos_not_match	195.0	236.0	65.0	0.0
