	VERB	NOUN
wm_pos_macro	0.4215873015873016	0.5382882882882882
wm_pos_micro	0.5983935742971888	0.7152777777777778
pos_match	149.0	103.0
pos_not_match	100.0	41.0
mfs_pos_macro	0.4071609632446134	0.5133333333333333
mfs_pos_micro	0.5542168674698795	0.7013888888888888
mfs_pos_match	138.0	101.0
mfs_pos_not_match	111.0	43.0
