	NOUN	VERB	ADJ	ADV
wm_pos_macro	0.5570074757310087	0.38160298950924315	0.5649844720496894	1.0
wm_pos_micro	0.7487179487179487	0.5515267175572519	0.7453183520599251	1.0
pos_match	584.0	289.0	199.0	9.0
pos_not_match	196.0	235.0	68.0	0.0
mfs_pos_macro	0.5602333588257701	0.38974330948015157	0.5875264550264551	1.0
mfs_pos_micro	0.7487179487179487	0.5458015267175572	0.752808988764045	1.0
mfs_pos_match	584.0	286.0	201.0	9.0
mfs_pos_not_match	196.0	238.0	66.0	0.0
