	NOUN	ADJ	VERB	ADV
wm_pos_macro	0.49143030618440453	0.4473684210526316	0.3332224685883223	0.5833333333333334
wm_pos_micro	0.6868686868686869	0.6610169491525424	0.5517241379310345	0.8181818181818182
pos_match	272.0	78.0	112.0	27.0
pos_not_match	124.0	40.0	91.0	6.0
mfs_pos_macro	0.49295173961840627	0.4963369963369963	0.34050632911392403	0.6521739130434783
mfs_pos_micro	0.6742424242424242	0.6949152542372882	0.541871921182266	0.8484848484848486
mfs_pos_match	267.0	82.0	110.0	28.0
mfs_pos_not_match	129.0	36.0	93.0	5.0
