	NOUN	VERB	ADJ	ADV
wm_pos_macro	0.5478213748048968	0.3954485626073589	0.5695340501792114	1.0
wm_pos_micro	0.75	0.566793893129771	0.7415730337078652	1.0
pos_match	585.0	297.0	198.0	9.0
pos_not_match	195.0	227.0	69.0	0.0
mfs_pos_macro	0.5572154993309426	0.38877805851490066	0.5700811093668237	1.0
mfs_pos_micro	0.7487179487179487	0.5477099236641222	0.7340823970037453	1.0
mfs_pos_match	584.0	287.0	196.0	9.0
mfs_pos_not_match	196.0	237.0	71.0	0.0
