	NOUN	ADJ	VERB	ADV
wm_pos_macro	0.49088917488001677	0.5591949877664164	0.3399882281461229	0.7233038348082594
wm_pos_micro	0.735576923076923	0.7335423197492165	0.4801762114537445	0.8670886075949367
pos_match	612.0	234.0	218.0	137.0
pos_not_match	220.0	85.0	236.0	21.0
mfs_pos_macro	0.5154246319265354	0.5757145741397709	0.3390700745898766	0.7381381381381382
mfs_pos_micro	0.7055288461538461	0.74294670846395	0.46916299559471364	0.8734177215189873
mfs_pos_match	587.0	237.0	213.0	138.0
mfs_pos_not_match	245.0	82.0	241.0	20.0
