	senseval2	senseval3	semeval2007	semeval2013	semeval2015
wm_macro	0.4853789116138086	0.4898805461213389	0.45044891464939196	0.5342663923691592	0.4393676946908886
wm_micro	0.6693136698808848	0.6854430379746835	0.6157760814249363	0.6818532818532819	0.6218375499334221
wm_match	1180.0	1083.0	242.0	883.0	467.0
wm_not_match	583.0	497.0	151.0	412.0	284.0
mfs_macro	0.490414698711503	0.49859112660404403	0.452757502027575	0.5479426669519712	0.47194296681476167
mfs_micro	0.6664775950085082	0.6810126582278481	0.6132315521628499	0.6818532818532819	0.6591211717709721
mfs_match	1175.0	1076.0	241.0	883.0	495.0
mfs_not_match	588.0	504.0	152.0	412.0	256.0
