	NOUN	VERB	ADJ	ADV
wm_pos_macro	0.5560042681453028	0.4006360256105587	0.5532085561497325	1.0
wm_pos_micro	0.7554697554697555	0.5648854961832062	0.7330827067669174	1.0
pos_match	587.0	296.0	195.0	9.0
pos_not_match	190.0	228.0	71.0	0.0
mfs_pos_macro	0.556357389833522	0.3856572089452042	0.5700811093668237	1.0
mfs_pos_micro	0.7477477477477479	0.5458015267175572	0.7368421052631579	1.0
mfs_pos_match	581.0	286.0	196.0	9.0
mfs_pos_not_match	196.0	238.0	70.0	0.0
