	NOUN	VERB	ADJ	ADV
wm_pos_macro	0.5542048291786629	0.3999738766115544	0.5575757575757575	1.0
wm_pos_micro	0.7538461538461538	0.5725190839694656	0.7378277153558053	1.0
pos_match	588.0	300.0	197.0	9.0
pos_not_match	192.0	224.0	70.0	0.0
mfs_pos_macro	0.5693575305148096	0.3866202908071625	0.5963953179036978	1.0
mfs_pos_micro	0.7525641025641024	0.5438931297709924	0.7453183520599251	1.0
mfs_pos_match	587.0	285.0	199.0	9.0
mfs_pos_not_match	193.0	239.0	68.0	0.0
