	NOUN	VERB	ADJ	ADV
wm_pos_macro	0.5440033749953161	0.3903166561003714	0.5613799283154122	1.0
wm_pos_micro	0.7461538461538462	0.5591603053435115	0.7453183520599251	1.0
pos_match	582.0	293.0	199.0	9.0
pos_not_match	198.0	231.0	68.0	0.0
mfs_pos_macro	0.5602333588257701	0.3866202908071624	0.5787555906340437	1.0
mfs_pos_micro	0.75	0.5438931297709924	0.7378277153558053	1.0
mfs_pos_match	585.0	285.0	197.0	9.0
mfs_pos_not_match	195.0	239.0	70.0	0.0
