	NOUN	ADJ	VERB	ADV
wm_pos_macro	0.4658076687957166	0.4375	0.34349985392930177	0.5833333333333334
wm_pos_micro	0.6523929471032746	0.6610169491525424	0.5615763546798029	0.8181818181818182
pos_match	259.0	78.0	114.0	27.0
pos_not_match	138.0	40.0	89.0	6.0
mfs_pos_macro	0.49505567430878633	0.4800724637681159	0.3490445859872611	0.6521739130434783
mfs_pos_micro	0.6750629722921915	0.6864406779661016	0.5467980295566502	0.8484848484848486
mfs_pos_match	268.0	81.0	111.0	28.0
mfs_pos_not_match	129.0	37.0	92.0	5.0
