	VERB	NOUN
wm_pos_macro	0.40493762080477946	0.5337837837837838
wm_pos_micro	0.5662650602409639	0.7013888888888888
pos_match	141.0	101.0
pos_not_match	108.0	43.0
mfs_pos_macro	0.41253180661577604	0.5234899328859061
mfs_pos_micro	0.5582329317269076	0.7083333333333334
mfs_pos_match	139.0	102.0
mfs_pos_not_match	110.0	42.0
