	NOUN	ADJ	VERB	ADV
wm_pos_macro	0.47687767448723617	0.3962585034013605	0.3341513292433538	0.5833333333333334
wm_pos_micro	0.6599496221662469	0.635593220338983	0.5517241379310345	0.8181818181818182
pos_match	262.0	75.0	112.0	27.0
pos_not_match	135.0	43.0	91.0	6.0
mfs_pos_macro	0.5139009139009139	0.4800724637681159	0.3490445859872611	0.6521739130434783
mfs_pos_micro	0.6826196473551638	0.6864406779661016	0.5467980295566502	0.8484848484848486
mfs_pos_match	271.0	81.0	111.0	28.0
mfs_pos_not_match	126.0	37.0	92.0	5.0
