	senseval2	senseval3	semeval2007	semeval2013	semeval2015
wm_macro	0.4820532859068595	0.49962744092209366	0.4403633491311216	0.5473855990359043	0.4337630424259426
wm_micro	0.6855235394214407	0.6905063291139241	0.6357760814249363	0.6903474903474903	0.6533333333333333
wm_match	1198.0	1091.0	242.0	894.0	490.0
wm_not_match	565.0	489.0	151.0	401.0	260.0
mfs_macro	0.4868405627433699	0.5025141400244735	0.44223027375201285	0.5396538173297384	0.46223002784888834
mfs_micro	0.6636415201361316	0.6829113924050633	0.6055979643765903	0.6756756756756757	0.6546666666666666
mfs_match	1170.0	1079.0	238.0	875.0	491.0
mfs_not_match	593.0	501.0	155.0	420.0	259.0
