	VERB	NOUN
wm_pos_macro	0.4028290282902829	0.5077262693156732
wm_pos_micro	0.570281124497992	0.6944444444444444
pos_match	142.0	100.0
pos_not_match	107.0	44.0
mfs_pos_macro	0.3965408805031446	0.5234899328859061
mfs_pos_micro	0.5461847389558233	0.7083333333333334
mfs_pos_match	136.0	102.0
mfs_pos_not_match	113.0	42.0
