	NOUN	ADJ	VERB	ADV
wm_pos_macro	0.5008044930176079	0.4663120567375886	0.3139393939393939	0.6521739130434783
wm_pos_micro	0.6473551637279596	0.6779661016949152	0.5270935960591133	0.8484848484848486
pos_match	257.0	80.0	107.0	28.0
pos_not_match	140.0	38.0	96.0	5.0
mfs_pos_macro	0.5075666004536298	0.4800724637681159	0.3576923076923077	0.6521739130434783
mfs_pos_micro	0.6801007556675063	0.6864406779661016	0.5566502463054187	0.8484848484848486
mfs_pos_match	270.0	81.0	113.0	28.0
mfs_pos_not_match	127.0	37.0	90.0	5.0
