	NOUN	ADJ	VERB	ADV
wm_pos_macro	0.4779228475228475	0.3821548821548822	0.3170615243342516	0.6521739130434783
wm_pos_micro	0.654911838790932	0.6271186440677966	0.541871921182266	0.8484848484848486
pos_match	260.0	74.0	110.0	28.0
pos_not_match	137.0	44.0	93.0	5.0
mfs_pos_macro	0.5202886814701161	0.4963369963369963	0.3576923076923077	0.6521739130434783
mfs_pos_micro	0.6851385390428212	0.6949152542372882	0.5566502463054187	0.8484848484848486
mfs_pos_match	272.0	82.0	113.0	28.0
mfs_pos_not_match	125.0	36.0	90.0	5.0
