	NOUN	ADJ	VERB	ADV
wm_pos_macro	0.48048457765056957	0.415807560137457	0.3433850702143385	0.6521739130434783
wm_pos_micro	0.6868686868686869	0.6440677966101694	0.5615763546798029	0.8484848484848486
pos_match	272.0	76.0	114.0	28.0
pos_not_match	124.0	42.0	89.0	5.0
mfs_pos_macro	0.5054975525563761	0.4800724637681159	0.3576923076923077	0.6521739130434783
mfs_pos_micro	0.6792929292929293	0.6864406779661016	0.5566502463054187	0.8484848484848486
mfs_pos_match	269.0	81.0	113.0	28.0
mfs_pos_not_match	127.0	37.0	90.0	5.0
