	NOUN	VERB	ADJ	ADV
wm_pos_macro	0.5585857602546571	0.40151079775139925	0.5552910052910053	1.0
wm_pos_micro	0.7525641025641024	0.5687022900763359	0.7378277153558053	1.0
pos_match	587.0	298.0	197.0	9.0
pos_not_match	193.0	226.0	70.0	0.0
mfs_pos_macro	0.563262938163296	0.3928804275602422	0.5787555906340437	1.0
mfs_pos_micro	0.7512820512820513	0.5477099236641222	0.7378277153558053	1.0
mfs_pos_match	586.0	287.0	197.0	9.0
mfs_pos_not_match	194.0	237.0	70.0	0.0
