	VERB	NOUN
wm_pos_macro	0.40903361344537814	0.5355704697986577
wm_pos_micro	0.5823293172690763	0.7222222222222222
pos_match	145.0	104.0
pos_not_match	104.0	40.0
mfs_pos_macro	0.41253180661577604	0.5234899328859061
mfs_pos_micro	0.5582329317269076	0.7083333333333334
mfs_pos_match	139.0	102.0
mfs_pos_not_match	110.0	42.0
