	NOUN	VERB	ADJ	ADV
wm_pos_macro	0.5602956471264742	0.4053326796532851	0.5479609929078014	1.0
wm_pos_micro	0.758043758043758	0.5687022900763359	0.7293233082706767	1.0
pos_match	589.0	298.0	194.0	9.0
pos_not_match	188.0	226.0	72.0	0.0
mfs_pos_macro	0.5593794430176648	0.3866202908071624	0.5787555906340437	1.0
mfs_pos_micro	0.749034749034749	0.5438931297709924	0.7406015037593985	1.0
mfs_pos_match	582.0	285.0	197.0	9.0
mfs_pos_not_match	195.0	239.0	69.0	0.0
