	VERB	NOUN
wm_pos_macro	0.39618001046572476	0.5547945205479452
wm_pos_micro	0.5622489959839357	0.7291666666666665
pos_match	140.0	105.0
pos_not_match	109.0	39.0
mfs_pos_macro	0.3965408805031446	0.5234899328859061
mfs_pos_micro	0.5461847389558233	0.7083333333333334
mfs_pos_match	136.0	102.0
mfs_pos_not_match	113.0	42.0
