	NOUN	ADJ	VERB	ADV
wm_pos_macro	0.5054289693250864	0.5695353013000071	0.32743764172335604	0.738138138138138
wm_pos_micro	0.7175480769230769	0.7398119122257053	0.460352422907489	0.879746835443038
pos_match	597.0	236.0	209.0	139.0
pos_not_match	235.0	83.0	245.0	19.0
mfs_pos_macro	0.5091234900058429	0.5757145741397709	0.3357637287266917	0.7381381381381382
mfs_pos_micro	0.7007211538461539	0.74294670846395	0.4669603524229075	0.8734177215189873
mfs_pos_match	583.0	237.0	212.0	138.0
mfs_pos_not_match	249.0	82.0	242.0	20.0
