	senseval2	senseval3	semeval2007	semeval2013	semeval2015
wm_macro	0.48071872807298777	0.48139466587821994	0.4514490282986703	0.5304977916820023	0.4426418814251514
wm_micro	0.6698808848553602	0.6872151898734177	0.6234096692111959	0.6810810810810811	0.6284953395472703
wm_match	1181.0	1070.0	245.0	882.0	472.0
wm_not_match	582.0	510.0	148.0	413.0	279.0
mfs_macro	0.4868405627433699	0.5025141400244735	0.44223027375201285	0.5396538173297384	0.4632844787746749
mfs_micro	0.6636415201361316	0.6829113924050633	0.6055979643765903	0.6756756756756757	0.6551264980026631
mfs_match	1170.0	1079.0	238.0	875.0	492.0
mfs_not_match	593.0	501.0	155.0	420.0	259.0
