	NOUN	ADJ	VERB	ADV
wm_pos_macro	0.49951991386841	0.5648180360108342	0.3379721180437171	0.7023391812865497
wm_pos_micro	0.7451923076923076	0.7366771159874608	0.4801762114537445	0.8607594936708861
pos_match	620.0	235.0	218.0	136.0
pos_not_match	212.0	84.0	236.0	22.0
mfs_pos_macro	0.5091234900058429	0.5757145741397709	0.3423928291173949	0.753939393939394
mfs_pos_micro	0.7019230769230769	0.74294670846395	0.4713656387665198	0.8860759493670886
mfs_pos_match	584.0	237.0	214.0	140.0
mfs_pos_not_match	248.0	82.0	240.0	18.0
