	NOUN	VERB	ADJ	ADV
wm_pos_macro	0.5345601092038962	0.37863498429117026	0.5671195652173913	1.0
wm_pos_micro	0.7346153846153847	0.549618320610687	0.749063670411985	1.0
pos_match	573.0	288.0	200.0	9.0
pos_not_match	207.0	236.0	67.0	0.0
mfs_pos_macro	0.563262938163296	0.3928804275602422	0.5787555906340437	1.0
mfs_pos_micro	0.7512820512820513	0.5477099236641222	0.7378277153558053	1.0
mfs_pos_match	586.0	287.0	197.0	9.0
mfs_pos_not_match	194.0	237.0	70.0	0.0
