	senseval2	senseval3	semeval2007	semeval2013	semeval2015
wm_macro	0.4780313755334232	0.5006103319498926	0.4538174414658976	0.5359873041966419	0.41830390452364385
wm_micro	0.6957629041406693	0.6966243654822335	0.6635877862595419	0.6857142857142857	0.6884953395472703
wm_match	1209.0	1090.0	249.0	888.0	472.0
wm_not_match	554.0	486.0	144.0	407.0	279.0
mfs_macro	0.490414698711503	0.4981543592927235	0.452757502027575	0.5479426669519712	0.47194296681476167
mfs_micro	0.6664775950085082	0.6808375634517766	0.6132315521628499	0.6818532818532819	0.6591211717709721
mfs_match	1175.0	1073.0	241.0	883.0	495.0
mfs_not_match	588.0	503.0	152.0	412.0	256.0
