	NOUN	ADJ	VERB	ADV
wm_pos_macro	0.5001151582652696	0.5654504349816849	0.34882984618038965	0.7023391812865497
wm_pos_micro	0.7283653846153846	0.7366771159874608	0.4889867841409692	0.8544303797468354
pos_match	606.0	235.0	222.0	135.0
pos_not_match	226.0	84.0	232.0	23.0
mfs_pos_macro	0.5091234900058429	0.5757145741397709	0.3357637287266917	0.7381381381381382
mfs_pos_micro	0.7007211538461539	0.74294670846395	0.4669603524229075	0.8734177215189873
mfs_pos_match	583.0	237.0	212.0	138.0
mfs_pos_not_match	249.0	82.0	242.0	20.0
