	NOUN	VERB	ADJ	ADV
wm_pos_macro	0.5450579778381376	0.3888621397430734	0.584608378870674	1.0
wm_pos_micro	0.7346153846153847	0.5610687022900763	0.7565543071161048	1.0
pos_match	573.0	294.0	202.0	9.0
pos_not_match	207.0	230.0	65.0	0.0
mfs_pos_macro	0.5602333588257701	0.38974330948015157	0.5875264550264551	1.0
mfs_pos_micro	0.7487179487179487	0.5458015267175572	0.752808988764045	1.0
mfs_pos_match	584.0	286.0	201.0	9.0
mfs_pos_not_match	196.0	238.0	66.0	0.0
