	senseval2	senseval3	semeval2007	semeval2013	semeval2015
wm_macro	0.4779196310957887	0.4939107725656819	0.45740239223651546	0.5212041491490915	0.4294246509380552
wm_micro	0.6816118047673099	0.6882539682539682	0.638676844783715	0.6774941995359629	0.636
wm_match	1201.0	1084.0	251.0	876.0	477.0
wm_not_match	561.0	491.0	142.0	417.0	273.0
mfs_macro	0.48405554631945347	0.4999586314755241	0.44223027375201285	0.5452508769115944	0.46510843341552005
mfs_micro	0.6606129398410897	0.6825396825396826	0.6055979643765903	0.679814385150812	0.6546666666666666
mfs_match	1164.0	1075.0	238.0	879.0	491.0
mfs_not_match	598.0	500.0	155.0	414.0	259.0
