	VERB	NOUN
wm_pos_macro	0.38017598343685294	0.5133333333333333
wm_pos_micro	0.5461847389558233	0.7013888888888888
pos_match	136.0	101.0
pos_not_match	113.0	43.0
mfs_pos_macro	0.39779874213836475	0.5133333333333333
mfs_pos_micro	0.5461847389558233	0.7013888888888888
mfs_pos_match	136.0	101.0
mfs_pos_not_match	113.0	43.0
