	NOUN	ADJ	VERB	ADV
wm_pos_macro	0.4717949589076555	0.547198131426154	0.32686303003204414	0.7023391812865497
wm_pos_micro	0.716346153846154	0.7304075235109717	0.4669603524229075	0.8544303797468354
pos_match	596.0	233.0	212.0	135.0
pos_not_match	236.0	86.0	242.0	23.0
mfs_pos_macro	0.5122674972766884	0.5512848908197745	0.33247367028155206	0.753939393939394
mfs_pos_micro	0.703125	0.7304075235109717	0.4647577092511013	0.8860759493670886
mfs_pos_match	585.0	233.0	211.0	140.0
mfs_pos_not_match	247.0	86.0	243.0	18.0
