	NOUN	VERB	ADJ	ADV
wm_pos_macro	0.553224643029133	0.385763720834571	0.5785549595332204	1.0
wm_pos_micro	0.752895752895753	0.5553435114503816	0.7509433962264151	1.0
pos_match	585.0	291.0	199.0	9.0
pos_not_match	192.0	233.0	66.0	0.0
mfs_pos_macro	0.5624132551636136	0.3856572089452042	0.5852221335461559	1.0
mfs_pos_micro	0.7503217503217503	0.5458015267175572	0.7433962264150943	1.0
mfs_pos_match	583.0	286.0	197.0	9.0
mfs_pos_not_match	194.0	238.0	68.0	0.0
