	NOUN	VERB	ADJ	ADV
wm_pos_macro	0.5508108362447721	0.40494465860800194	0.5661202185792349	1.0
wm_pos_micro	0.7461538461538462	0.5744274809160306	0.7415730337078652	1.0
pos_match	582.0	301.0	198.0	9.0
pos_not_match	198.0	223.0	69.0	0.0
mfs_pos_macro	0.5602333588257701	0.38974330948015157	0.5875264550264551	1.0
mfs_pos_micro	0.7487179487179487	0.5458015267175572	0.752808988764045	1.0
mfs_pos_match	584.0	286.0	201.0	9.0
mfs_pos_not_match	196.0	238.0	66.0	0.0
