	senseval2	senseval3	semeval2007	semeval2013	semeval2015
wm_macro	0.4695970312788871	0.4993357691793577	0.42706237424547283	0.5385585661901452	0.4515954259716256
wm_micro	0.6585365853658537	0.680873417721519	0.6030534351145038	0.6772586872586872	0.6284953395472703
wm_match	1161.0	1090.0	237.0	890.0	472.0
wm_not_match	602.0	490.0	156.0	405.0	279.0
mfs_macro	0.4832835279042709	0.5012041887254112	0.43955823293172697	0.5521206498587241	0.4661593009333677
mfs_micro	0.6630743051616562	0.6835443037974683	0.6030534351145038	0.6833976833976834	0.6551264980026631
mfs_match	1169.0	1080.0	237.0	885.0	492.0
mfs_not_match	594.0	500.0	156.0	410.0	259.0
