	VERB	NOUN
wm_pos_macro	0.4152276295133438	0.5346756152125279
wm_pos_micro	0.5943775100401606	0.7152777777777778
pos_match	148.0	103.0
pos_not_match	101.0	41.0
mfs_pos_macro	0.40183080808080807	0.5133333333333333
mfs_pos_micro	0.5502008032128514	0.7013888888888888
mfs_pos_match	137.0	101.0
mfs_pos_not_match	112.0	43.0
