	NOUN	ADJ	VERB	ADV
wm_pos_macro	0.48252427700218864	0.4209621993127147	0.33728750923872874	0.6521739130434783
wm_pos_micro	0.6775818639798489	0.652542372881356	0.5566502463054187	0.8484848484848486
pos_match	269.0	77.0	113.0	28.0
pos_not_match	128.0	41.0	90.0	5.0
mfs_pos_macro	0.5139009139009139	0.4963369963369963	0.3490445859872611	0.6521739130434783
mfs_pos_micro	0.6826196473551638	0.6949152542372882	0.5467980295566502	0.8484848484848486
mfs_pos_match	271.0	82.0	111.0	28.0
mfs_pos_not_match	126.0	36.0	92.0	5.0
