	NOUN	ADJ	VERB	ADV
wm_pos_macro	0.5059759595462471	0.559374146302775	0.3266777013835837	0.7386904761904761
wm_pos_micro	0.7439903846153847	0.7295597484276729	0.4669603524229075	0.8734177215189873
pos_match	619.0	232.0	212.0	138.0
pos_not_match	213.0	86.0	242.0	20.0
mfs_pos_macro	0.5059925284083204	0.5616921640451051	0.3357637287266917	0.753939393939394
mfs_pos_micro	0.6947115384615384	0.7358490566037735	0.4669603524229075	0.8860759493670886
mfs_pos_match	578.0	234.0	212.0	140.0
mfs_pos_not_match	254.0	84.0	242.0	18.0
