	NOUN	ADJ	VERB	ADV
wm_pos_macro	0.4875746778101348	0.42534722222222215	0.3079792002868926	0.7272727272727273
wm_pos_micro	0.6616161616161617	0.652542372881356	0.5369458128078818	0.8787878787878788
pos_match	262.0	77.0	109.0	29.0
pos_not_match	134.0	41.0	94.0	4.0
mfs_pos_macro	0.5118498629047152	0.4963369963369963	0.3490445859872611	0.6521739130434783
mfs_pos_micro	0.6818181818181818	0.6949152542372882	0.5467980295566502	0.8484848484848486
mfs_pos_match	270.0	82.0	111.0	28.0
mfs_pos_not_match	126.0	36.0	92.0	5.0
