	senseval2	senseval3	semeval2007	semeval2013	semeval2015
wm_macro	0.4597801699635316	0.4923894694370496	0.4292182446749192	0.5340918951988874	0.43395315163607845
wm_micro	0.6670448099829835	0.6822784810126582	0.6055979643765903	0.6787644787644788	0.6484687083888149
wm_match	1176.0	1078.0	238.0	879.0	487.0
wm_not_match	587.0	502.0	155.0	416.0	264.0
mfs_macro	0.4832835279042709	0.5012041887254112	0.43955823293172697	0.5521206498587241	0.4661593009333677
mfs_micro	0.6630743051616562	0.6835443037974683	0.6030534351145038	0.6833976833976834	0.6551264980026631
mfs_match	1169.0	1080.0	237.0	885.0	492.0
mfs_not_match	594.0	500.0	156.0	410.0	259.0
