	NOUN	ADJ	VERB	ADV
wm_pos_macro	0.5158280093964741	0.45438596491228067	0.3259259259259259	0.6521739130434783
wm_pos_micro	0.6498740554156172	0.6694915254237288	0.5270935960591133	0.8484848484848486
pos_match	258.0	79.0	107.0	28.0
pos_not_match	139.0	39.0	96.0	5.0
mfs_pos_macro	0.5139009139009139	0.4963369963369963	0.3490445859872611	0.6521739130434783
mfs_pos_micro	0.6826196473551638	0.6949152542372882	0.5467980295566502	0.8484848484848486
mfs_pos_match	271.0	82.0	111.0	28.0
mfs_pos_not_match	126.0	36.0	92.0	5.0
