	NOUN	ADJ	VERB	ADV
wm_pos_macro	0.4921051584934177	0.5757145741397709	0.3126929689130646	0.7132743362831858
wm_pos_micro	0.7007211538461539	0.74294670846395	0.44933920704845814	0.8670886075949367
pos_match	583.0	237.0	204.0	137.0
pos_not_match	249.0	82.0	250.0	21.0
mfs_pos_macro	0.5122674972766884	0.5512848908197745	0.33247367028155206	0.753939393939394
mfs_pos_micro	0.703125	0.7304075235109717	0.4647577092511013	0.8860759493670886
mfs_pos_match	585.0	233.0	211.0	140.0
mfs_pos_not_match	247.0	86.0	243.0	18.0
