	senseval2	senseval3	semeval2007	semeval2013	semeval2015
wm_macro	0.4683988858212715	0.49732381648500074	0.44170308123249297	0.5196898252399753	0.43874070860912956
wm_micro	0.6676120249574589	0.6779746835443038	0.6106870229007634	0.6754250386398764	0.6424633821571239
wm_match	1177.0	1087.0	240.0	874.0	490.0
wm_not_match	586.0	493.0	153.0	420.0	261.0
mfs_macro	0.4832835279042709	0.5012041887254112	0.43955823293172697	0.5521206498587241	0.4661593009333677
mfs_micro	0.6630743051616562	0.6835443037974683	0.6030534351145038	0.6831530139103554	0.6551264980026631
mfs_match	1169.0	1080.0	237.0	884.0	492.0
mfs_not_match	594.0	500.0	156.0	410.0	259.0
