	NOUN	ADJ	VERB	ADV
wm_pos_macro	0.4831586544174779	0.569263679029304	0.3372753198994334	0.6586894586894586
wm_pos_micro	0.719951923076923	0.7178683385579938	0.4779735682819383	0.8354430379746836
pos_match	599.0	229.0	217.0	132.0
pos_not_match	233.0	90.0	237.0	26.0
mfs_pos_macro	0.5122674972766884	0.5512848908197745	0.33247367028155206	0.753939393939394
mfs_pos_micro	0.703125	0.7304075235109717	0.4647577092511013	0.8860759493670886
mfs_pos_match	585.0	233.0	211.0	140.0
mfs_pos_not_match	247.0	86.0	243.0	18.0
