	senseval2	senseval3	semeval2007	semeval2013	semeval2015
wm_macro	0.47450881102816606	0.49225158157514215	0.44777628032345007	0.5107630034436971	0.416431199172711
wm_micro	0.676923076923077	0.6900063653723743	0.628498727735369	0.6757387247278382	0.6268456375838927
wm_match	1188.0	1084.0	247.0	869.0	467.0
wm_not_match	567.0	487.0	146.0	417.0	278.0
mfs_macro	0.4879529339709789	0.5030286254732238	0.4457223567393058	0.5427894472872998	0.4554413415197729
mfs_micro	0.6649572649572649	0.6849140674729471	0.6081424936386769	0.6788491446345256	0.6483221476510067
mfs_match	1167.0	1076.0	239.0	873.0	483.0
mfs_not_match	588.0	495.0	154.0	413.0	262.0
