	NOUN	VERB	ADJ	ADV
wm_pos_macro	0.5614904199487072	0.38705087252824205	0.5720108695652174	1.0
wm_pos_micro	0.7423076923076923	0.5515267175572519	0.752808988764045	1.0
pos_match	579.0	289.0	201.0	9.0
pos_not_match	201.0	235.0	66.0	0.0
mfs_pos_macro	0.5572154993309426	0.38565720894520417	0.5700811093668237	1.0
mfs_pos_micro	0.7487179487179487	0.5458015267175572	0.7340823970037453	1.0
mfs_pos_match	584.0	286.0	196.0	9.0
mfs_pos_not_match	196.0	238.0	71.0	0.0
