	NOUN	VERB	ADJ	ADV
wm_pos_macro	0.555393766004491	0.3757212591607496	0.589350414078675	1.0
wm_pos_micro	0.7535483870967742	0.5478927203065134	0.7735849056603775	1.0
pos_match	584.0	286.0	205.0	9.0
pos_not_match	191.0	236.0	60.0	0.0
mfs_pos_macro	0.558522204579956	0.3905372352502622	0.6031342480495023	1.0
mfs_pos_micro	0.7483870967741936	0.5478927203065134	0.7584905660377359	1.0
mfs_pos_match	580.0	286.0	201.0	9.0
mfs_pos_not_match	195.0	236.0	64.0	0.0
