	VERB	NOUN
wm_pos_macro	0.41095412523983954	0.5143487858719646
wm_pos_micro	0.5863453815261044	0.7013888888888888
pos_match	146.0	101.0
pos_not_match	103.0	43.0
mfs_pos_macro	0.4071609632446134	0.5133333333333333
mfs_pos_micro	0.5542168674698795	0.7013888888888888
mfs_pos_match	138.0	101.0
mfs_pos_not_match	111.0	43.0
