	NOUN	ADJ	VERB	ADV
wm_pos_macro	0.4977094292450584	0.4508771929824561	0.3091795754446357	0.6521739130434783
wm_pos_micro	0.6423173803526449	0.6610169491525424	0.5172413793103449	0.8484848484848486
pos_match	255.0	78.0	105.0	28.0
pos_not_match	142.0	40.0	98.0	5.0
mfs_pos_macro	0.5012850729517396	0.4963369963369963	0.3576923076923077	0.6521739130434783
mfs_pos_micro	0.6775818639798489	0.6949152542372882	0.5566502463054187	0.8484848484848486
mfs_pos_match	269.0	82.0	113.0	28.0
mfs_pos_not_match	128.0	36.0	90.0	5.0
