	VERB	NOUN
wm_pos_macro	0.41197478991596637	0.494553376906318
wm_pos_micro	0.5662650602409639	0.6875
pos_match	141.0	99.0
pos_not_match	108.0	45.0
mfs_pos_macro	0.39779874213836475	0.5133333333333333
mfs_pos_micro	0.5461847389558233	0.7013888888888888
mfs_pos_match	136.0	101.0
mfs_pos_not_match	113.0	43.0
