	VERB	NOUN
wm_pos_macro	0.3935411255411255	0.5133333333333333
wm_pos_micro	0.5582329317269076	0.7013888888888888
pos_match	139.0	101.0
pos_not_match	110.0	43.0
mfs_pos_macro	0.40842839036755385	0.5234899328859061
mfs_pos_micro	0.5542168674698795	0.7083333333333334
mfs_pos_match	138.0	102.0
mfs_pos_not_match	111.0	42.0
