	senseval2	senseval3	semeval2007	semeval2013	semeval2015
wm_macro	0.47383259151658813	0.4976872232097186	0.43582072829131646	0.5351924860072035	0.43662340448518416
wm_micro	0.6602382302892796	0.6822784810126582	0.6106870229007634	0.6688030888030888	0.6205059920106525
wm_match	1164.0	1078.0	240.0	892.0	466.0
wm_not_match	599.0	502.0	153.0	403.0	285.0
mfs_macro	0.48565299040891036	0.4956147984704389	0.4500404530744337	0.5396538173297384	0.4632844787746749
mfs_micro	0.6647759500850823	0.680379746835443	0.6106870229007634	0.6795366795366795	0.6551264980026631
mfs_match	1172.0	1075.0	240.0	880.0	492.0
mfs_not_match	591.0	505.0	153.0	415.0	259.0
