	NOUN	ADJ	VERB	ADV
wm_pos_macro	0.49317888738941373	0.4347079037800687	0.3298679098679098	0.6521739130434783
wm_pos_micro	0.6876574307304786	0.6610169491525424	0.5467980295566502	0.8484848484848486
pos_match	273.0	78.0	111.0	28.0
pos_not_match	124.0	40.0	92.0	5.0
mfs_pos_macro	0.5139009139009139	0.4963369963369963	0.3490445859872611	0.6521739130434783
mfs_pos_micro	0.6826196473551638	0.6949152542372882	0.5467980295566502	0.8484848484848486
mfs_pos_match	271.0	82.0	111.0	28.0
mfs_pos_not_match	126.0	36.0	92.0	5.0
