	NOUN	ADJ	VERB	ADV
wm_pos_macro	0.4939040090044395	0.5741104646987	0.3130226554686986	0.7612121212121212
wm_pos_micro	0.6995192307692307	0.74294670846395	0.45154185022026433	0.8860759493670886
pos_match	582.0	237.0	205.0	140.0
pos_not_match	250.0	82.0	249.0	18.0
mfs_pos_macro	0.5059925284083205	0.5634043040293041	0.3390700745898766	0.753939393939394
mfs_pos_micro	0.7019230769230769	0.7366771159874608	0.46916299559471364	0.8860759493670886
mfs_pos_match	584.0	235.0	213.0	140.0
mfs_pos_not_match	248.0	84.0	241.0	18.0
