	NOUN	ADJ	VERB	ADV
wm_pos_macro	0.4626398887879282	0.4209621993127147	0.3060428849902534	0.7272727272727273
wm_pos_micro	0.6464646464646465	0.652542372881356	0.5303030303030303	0.8787878787878788
pos_match	256.0	77.0	105.0	29.0
pos_not_match	140.0	41.0	93.0	4.0
mfs_pos_macro	0.4991983996168097	0.4800724637681159	0.34487179487179487	0.6521739130434783
mfs_pos_micro	0.6767676767676768	0.6864406779661016	0.5353535353535354	0.8484848484848486
mfs_pos_match	268.0	81.0	106.0	28.0
mfs_pos_not_match	128.0	37.0	92.0	5.0
