	NOUN	ADJ	VERB	ADV
wm_pos_macro	0.5010320915971014	0.5782799485842082	0.32513039888926415	0.6770114942528735
wm_pos_micro	0.7327690447400241	0.742138364779874	0.47019867549668876	0.8471337579617836
pos_match	606.0	236.0	213.0	133.0
pos_not_match	221.0	82.0	240.0	24.0
mfs_pos_macro	0.5123705854890976	0.5740375566462522	0.33743004996106735	0.7357575757575758
mfs_pos_micro	0.7037484885126964	0.742138364779874	0.46799116997792495	0.8726114649681529
mfs_pos_match	582.0	236.0	212.0	137.0
mfs_pos_not_match	245.0	82.0	241.0	20.0
